LIBELLE EXAMEN;ANNEE SESSION;MOIS SESSION;SERIE;MENTION;SPECIALITE;SECTION;NUMERO CANDIDAT
BACCALAUREAT GENERAL;2017;06;S;EAT;E;R;0516043657
BACCALAUREAT GENERAL;2017;06;S;EAT;E;R;0516043791
BACCALAUREAT GENERAL;2017;06;S;SCI;C;E;0316914573
BACCALAUREAT GENERAL;2017;06;S;SCI;C;R;0316652979
BACCALAUREAT GENERAL;2017;06;S;SCI;C;R;0316653066
BACCALAUREAT GENERAL;2017;06;S;SCI;C;R;0316653192
BACCALAUREAT GENERAL;2017;06;S;SCI;C;R;0316653348
BACCALAUREAT GENERAL;2017;06;S;SCI;C;R;0316654471
BACCALAUREAT GENERAL;2017;06;S;SCI;C;R;0316655480
BACCALAUREAT GENERAL;2017;06;S;SCI;C;R;0316657825
BACCALAUREAT GENERAL;2017;06;S;SCI;C;R;0316658595
BACCALAUREAT GENERAL;2017;06;S;SCI;C;R;0316659220
BACCALAUREAT GENERAL;2017;06;S;SCI;C;R;0316913865
BACCALAUREAT GENERAL;2017;06;S;SCI;C;R;0316913881
BACCALAUREAT GENERAL;2017;06;S;SCI;C;R;0316913976
BACCALAUREAT GENERAL;2017;06;S;SCI;C;R;0316914086
BACCALAUREAT GENERAL;2017;06;S;SCI;C;R;0316914259
BACCALAUREAT GENERAL;2017;06;S;SCI;C;R;0316914269
BACCALAUREAT GENERAL;2017;06;S;SCI;C;R;0316914545
BACCALAUREAT GENERAL;2017;06;S;SCI;C;R;0316914554
BACCALAUREAT GENERAL;2017;06;S;SCI;C;R;0316914625
BACCALAUREAT GENERAL;2017;06;S;SCI;C;R;0316915138
BACCALAUREAT GENERAL;2017;06;S;SCI;C;R;0316915141
BACCALAUREAT GENERAL;2017;06;S;SCI;C;R;0316915418
BACCALAUREAT GENERAL;2017;06;S;SCI;C;R;0316915487
BACCALAUREAT GENERAL;2017;06;S;SCI;C;R;0316915740
BACCALAUREAT GENERAL;2017;06;S;SCI;C;R;0316915933
BACCALAUREAT GENERAL;2017;06;S;SCI;C;R;0316916343
BACCALAUREAT GENERAL;2017;06;S;SCI;C;R;0316916389
BACCALAUREAT GENERAL;2017;06;S;SCI;C;R;0316916785
BACCALAUREAT GENERAL;2017;06;S;SCI;C;R;0316916843
BACCALAUREAT GENERAL;2017;06;S;SCI;C;R;0316917112
BACCALAUREAT GENERAL;2017;06;S;SCI;C;R;0316917573
BACCALAUREAT GENERAL;2017;06;S;SCI;C;R;0316917616
BACCALAUREAT GENERAL;2017;06;S;SCI;C;R;0316917705
BACCALAUREAT GENERAL;2017;06;S;SCI;C;R;0316918025
BACCALAUREAT GENERAL;2017;06;S;SCI;C;R;0316918135
BACCALAUREAT GENERAL;2017;06;S;SCI;C;R;0316918274
BACCALAUREAT GENERAL;2017;06;S;SCI;C;R;0316918288
BACCALAUREAT GENERAL;2017;06;S;SCI;C;R;0316918757
BACCALAUREAT GENERAL;2017;06;S;SCI;C;R;0316919125
BACCALAUREAT GENERAL;2017;06;S;SCI;C;R;0316919924
BACCALAUREAT GENERAL;2017;06;S;SCI;C;R;0316920051
BACCALAUREAT GENERAL;2017;06;S;SCI;C;R;0516187613
BACCALAUREAT GENERAL;2017;06;S;SCI;I;E;0316917282
BACCALAUREAT GENERAL;2017;06;S;SCI;I;R;0316913738
BACCALAUREAT GENERAL;2017;06;S;SCI;I;R;0316913938
BACCALAUREAT GENERAL;2017;06;S;SCI;I;R;0316914110
BACCALAUREAT GENERAL;2017;06;S;SCI;I;R;0316914132
BACCALAUREAT GENERAL;2017;06;S;SCI;I;R;0316914159
BACCALAUREAT GENERAL;2017;06;S;SCI;I;R;0316914498
BACCALAUREAT GENERAL;2017;06;S;SCI;I;R;0316914591
BACCALAUREAT GENERAL;2017;06;S;SCI;I;R;0316914860
BACCALAUREAT GENERAL;2017;06;S;SCI;I;R;0316915372
BACCALAUREAT GENERAL;2017;06;S;SCI;I;R;0316915373
BACCALAUREAT GENERAL;2017;06;S;SCI;I;R;0316915569
BACCALAUREAT GENERAL;2017;06;S;SCI;I;R;0316915660
BACCALAUREAT GENERAL;2017;06;S;SCI;I;R;0316915699
BACCALAUREAT GENERAL;2017;06;S;SCI;I;R;0316915728
BACCALAUREAT GENERAL;2017;06;S;SCI;I;R;0316916236
BACCALAUREAT GENERAL;2017;06;S;SCI;I;R;0316916460
BACCALAUREAT GENERAL;2017;06;S;SCI;I;R;0316916530
BACCALAUREAT GENERAL;2017;06;S;SCI;I;R;0316916827
BACCALAUREAT GENERAL;2017;06;S;SCI;I;R;0316916988
BACCALAUREAT GENERAL;2017;06;S;SCI;I;R;0316916996
BACCALAUREAT GENERAL;2017;06;S;SCI;I;R;0316917044
BACCALAUREAT GENERAL;2017;06;S;SCI;I;R;0316917455
BACCALAUREAT GENERAL;2017;06;S;SCI;I;R;0316917631
BACCALAUREAT GENERAL;2017;06;S;SCI;I;R;0316917934
BACCALAUREAT GENERAL;2017;06;S;SCI;I;R;0316918168
BACCALAUREAT GENERAL;2017;06;S;SCI;I;R;0316918289
BACCALAUREAT GENERAL;2017;06;S;SCI;I;R;0316918295
BACCALAUREAT GENERAL;2017;06;S;SCI;I;R;0316919041
BACCALAUREAT GENERAL;2017;06;S;SCI;I;R;0316919107
BACCALAUREAT GENERAL;2017;06;S;SCI;I;R;0316919225
BACCALAUREAT GENERAL;2017;06;S;SCI;I;R;0316919238
BACCALAUREAT GENERAL;2017;06;S;SCI;M;R;0316653167
BACCALAUREAT GENERAL;2017;06;S;SCI;M;R;0316913995
BACCALAUREAT GENERAL;2017;06;S;SCI;M;R;0316914104
BACCALAUREAT GENERAL;2017;06;S;SCI;M;R;0316915960
BACCALAUREAT GENERAL;2017;06;S;SCI;M;R;0316916206
BACCALAUREAT GENERAL;2017;06;S;SCI;M;R;0316916816
BACCALAUREAT GENERAL;2017;06;S;SCI;M;R;0316917025
BACCALAUREAT GENERAL;2017;06;S;SCI;M;R;0316919931
BACCALAUREAT GENERAL;2017;06;S;SCI;P;E;0316917550
BACCALAUREAT GENERAL;2017;06;S;SCI;P;R;0316657905
BACCALAUREAT GENERAL;2017;06;S;SCI;P;R;0316913745
BACCALAUREAT GENERAL;2017;06;S;SCI;P;R;0316913856
BACCALAUREAT GENERAL;2017;06;S;SCI;P;R;0316913942
BACCALAUREAT GENERAL;2017;06;S;SCI;P;R;0316913964
BACCALAUREAT GENERAL;2017;06;S;SCI;P;R;0316914280
BACCALAUREAT GENERAL;2017;06;S;SCI;P;R;0316914310
BACCALAUREAT GENERAL;2017;06;S;SCI;P;R;0316914550
BACCALAUREAT GENERAL;2017;06;S;SCI;P;R;0316914565
BACCALAUREAT GENERAL;2017;06;S;SCI;P;R;0316915329
BACCALAUREAT GENERAL;2017;06;S;SCI;P;R;0316917526
BACCALAUREAT GENERAL;2017;06;S;SCI;P;R;0316919995
BACCALAUREAT GENERAL;2017;06;S;SCI;P;R;0516067190
BACCALAUREAT GENERAL;2017;06;S;SVT;I;E;0316913888
BACCALAUREAT GENERAL;2017;06;S;SVT;I;E;0316914356
BACCALAUREAT GENERAL;2017;06;S;SVT;I;E;0316915608
BACCALAUREAT GENERAL;2017;06;S;SVT;I;E;0316917528
BACCALAUREAT GENERAL;2017;06;S;SVT;I;E;0316917749
BACCALAUREAT GENERAL;2017;06;S;SVT;I;E;0316918507
BACCALAUREAT GENERAL;2017;06;S;SVT;I;E;0316918982
BACCALAUREAT GENERAL;2017;06;S;SVT;I;E;0316918998
BACCALAUREAT GENERAL;2017;06;S;SVT;I;E;0316919339
BACCALAUREAT GENERAL;2017;06;S;SVT;I;E;0316920039
BACCALAUREAT GENERAL;2017;06;S;SVT;I;E;0516067265
BACCALAUREAT GENERAL;2017;06;S;SVT;I;R;0316653436
BACCALAUREAT GENERAL;2017;06;S;SVT;I;R;0316654270
BACCALAUREAT GENERAL;2017;06;S;SVT;I;R;0316654433
BACCALAUREAT GENERAL;2017;06;S;SVT;I;R;0316654657
BACCALAUREAT GENERAL;2017;06;S;SVT;I;R;0316655052
BACCALAUREAT GENERAL;2017;06;S;SVT;I;R;0316657220
BACCALAUREAT GENERAL;2017;06;S;SVT;I;R;0316657283
BACCALAUREAT GENERAL;2017;06;S;SVT;I;R;0316913799
BACCALAUREAT GENERAL;2017;06;S;SVT;I;R;0316913814
BACCALAUREAT GENERAL;2017;06;S;SVT;I;R;0316913832
BACCALAUREAT GENERAL;2017;06;S;SVT;I;R;0316913836
BACCALAUREAT GENERAL;2017;06;S;SVT;I;R;0316913901
BACCALAUREAT GENERAL;2017;06;S;SVT;I;R;0316913932
BACCALAUREAT GENERAL;2017;06;S;SVT;I;R;0316913948
BACCALAUREAT GENERAL;2017;06;S;SVT;I;R;0316914042
BACCALAUREAT GENERAL;2017;06;S;SVT;I;R;0316914045
BACCALAUREAT GENERAL;2017;06;S;SVT;I;R;0316914061
BACCALAUREAT GENERAL;2017;06;S;SVT;I;R;0316914064
BACCALAUREAT GENERAL;2017;06;S;SVT;I;R;0316914068
BACCALAUREAT GENERAL;2017;06;S;SVT;I;R;0316914095
BACCALAUREAT GENERAL;2017;06;S;SVT;I;R;0316914207
BACCALAUREAT GENERAL;2017;06;S;SVT;I;R;0316914293
BACCALAUREAT GENERAL;2017;06;S;SVT;I;R;0316914357
BACCALAUREAT GENERAL;2017;06;S;SVT;I;R;0316914430
BACCALAUREAT GENERAL;2017;06;S;SVT;I;R;0316914522
BACCALAUREAT GENERAL;2017;06;S;SVT;I;R;0316914648
BACCALAUREAT GENERAL;2017;06;S;SVT;I;R;0316914697
BACCALAUREAT GENERAL;2017;06;S;SVT;I;R;0316914807
BACCALAUREAT GENERAL;2017;06;S;SVT;I;R;0316915014
BACCALAUREAT GENERAL;2017;06;S;SVT;I;R;0316915060
BACCALAUREAT GENERAL;2017;06;S;SVT;I;R;0316915127
BACCALAUREAT GENERAL;2017;06;S;SVT;I;R;0316915131
BACCALAUREAT GENERAL;2017;06;S;SVT;I;R;0316915184
BACCALAUREAT GENERAL;2017;06;S;SVT;I;R;0316915255
BACCALAUREAT GENERAL;2017;06;S;SVT;I;R;0316915541
BACCALAUREAT GENERAL;2017;06;S;SVT;I;R;0316915590
BACCALAUREAT GENERAL;2017;06;S;SVT;I;R;0316915835
BACCALAUREAT GENERAL;2017;06;S;SVT;I;R;0316915966
BACCALAUREAT GENERAL;2017;06;S;SVT;I;R;0316915968
BACCALAUREAT GENERAL;2017;06;S;SVT;I;R;0316916009
BACCALAUREAT GENERAL;2017;06;S;SVT;I;R;0316916332
BACCALAUREAT GENERAL;2017;06;S;SVT;I;R;0316916416
BACCALAUREAT GENERAL;2017;06;S;SVT;I;R;0316916429
BACCALAUREAT GENERAL;2017;06;S;SVT;I;R;0316916595
BACCALAUREAT GENERAL;2017;06;S;SVT;I;R;0316916651
BACCALAUREAT GENERAL;2017;06;S;SVT;I;R;0316916654
BACCALAUREAT GENERAL;2017;06;S;SVT;I;R;0316916691
BACCALAUREAT GENERAL;2017;06;S;SVT;I;R;0316916707
BACCALAUREAT GENERAL;2017;06;S;SVT;I;R;0316916718
BACCALAUREAT GENERAL;2017;06;S;SVT;I;R;0316916794
BACCALAUREAT GENERAL;2017;06;S;SVT;I;R;0316916811
BACCALAUREAT GENERAL;2017;06;S;SVT;I;R;0316916919
BACCALAUREAT GENERAL;2017;06;S;SVT;I;R;0316916977
BACCALAUREAT GENERAL;2017;06;S;SVT;I;R;0316916989
BACCALAUREAT GENERAL;2017;06;S;SVT;I;R;0316916990
BACCALAUREAT GENERAL;2017;06;S;SVT;I;R;0316917041
BACCALAUREAT GENERAL;2017;06;S;SVT;I;R;0316917125
BACCALAUREAT GENERAL;2017;06;S;SVT;I;R;0316917530
BACCALAUREAT GENERAL;2017;06;S;SVT;I;R;0316917644
BACCALAUREAT GENERAL;2017;06;S;SVT;I;R;0316917764
BACCALAUREAT GENERAL;2017;06;S;SVT;I;R;0316917861
BACCALAUREAT GENERAL;2017;06;S;SVT;I;R;0316917880
BACCALAUREAT GENERAL;2017;06;S;SVT;I;R;0316918008
BACCALAUREAT GENERAL;2017;06;S;SVT;I;R;0316918116
BACCALAUREAT GENERAL;2017;06;S;SVT;I;R;0316918202
BACCALAUREAT GENERAL;2017;06;S;SVT;I;R;0316918234
BACCALAUREAT GENERAL;2017;06;S;SVT;I;R;0316918285
BACCALAUREAT GENERAL;2017;06;S;SVT;I;R;0316918291
BACCALAUREAT GENERAL;2017;06;S;SVT;I;R;0316918297
BACCALAUREAT GENERAL;2017;06;S;SVT;I;R;0316918503
BACCALAUREAT GENERAL;2017;06;S;SVT;I;R;0316918504
BACCALAUREAT GENERAL;2017;06;S;SVT;I;R;0316918512
BACCALAUREAT GENERAL;2017;06;S;SVT;I;R;0316918691
BACCALAUREAT GENERAL;2017;06;S;SVT;I;R;0316918740
BACCALAUREAT GENERAL;2017;06;S;SVT;I;R;0316918853
BACCALAUREAT GENERAL;2017;06;S;SVT;I;R;0316918915
BACCALAUREAT GENERAL;2017;06;S;SVT;I;R;0316919104
BACCALAUREAT GENERAL;2017;06;S;SVT;I;R;0316919214
BACCALAUREAT GENERAL;2017;06;S;SVT;I;R;0316919245
BACCALAUREAT GENERAL;2017;06;S;SVT;I;R;0316919317
BACCALAUREAT GENERAL;2017;06;S;SVT;I;R;0316919327
BACCALAUREAT GENERAL;2017;06;S;SVT;I;R;0316919856
BACCALAUREAT GENERAL;2017;06;S;SVT;I;R;0316920072
BACCALAUREAT GENERAL;2017;06;S;SVT;I;R;0516187624
BACCALAUREAT GENERAL;2017;06;S;SVT;M;E;0316914030
BACCALAUREAT GENERAL;2017;06;S;SVT;M;E;0316914981
BACCALAUREAT GENERAL;2017;06;S;SVT;M;E;0316916074
BACCALAUREAT GENERAL;2017;06;S;SVT;M;E;0316916583
BACCALAUREAT GENERAL;2017;06;S;SVT;M;E;0316917726
BACCALAUREAT GENERAL;2017;06;S;SVT;M;E;0316917853
BACCALAUREAT GENERAL;2017;06;S;SVT;M;E;0316919152
BACCALAUREAT GENERAL;2017;06;S;SVT;M;R;0316522148
BACCALAUREAT GENERAL;2017;06;S;SVT;M;R;0316653062
BACCALAUREAT GENERAL;2017;06;S;SVT;M;R;0316653097
BACCALAUREAT GENERAL;2017;06;S;SVT;M;R;0316653261
BACCALAUREAT GENERAL;2017;06;S;SVT;M;R;0316654735
BACCALAUREAT GENERAL;2017;06;S;SVT;M;R;0316655332
BACCALAUREAT GENERAL;2017;06;S;SVT;M;R;0316656485
BACCALAUREAT GENERAL;2017;06;S;SVT;M;R;0316657052
BACCALAUREAT GENERAL;2017;06;S;SVT;M;R;0316657260
BACCALAUREAT GENERAL;2017;06;S;SVT;M;R;0316657543
BACCALAUREAT GENERAL;2017;06;S;SVT;M;R;0316658613
BACCALAUREAT GENERAL;2017;06;S;SVT;M;R;0316658733
BACCALAUREAT GENERAL;2017;06;S;SVT;M;R;0316658734
BACCALAUREAT GENERAL;2017;06;S;SVT;M;R;0316659359
BACCALAUREAT GENERAL;2017;06;S;SVT;M;R;0316727736
BACCALAUREAT GENERAL;2017;06;S;SVT;M;R;0316913803
BACCALAUREAT GENERAL;2017;06;S;SVT;M;R;0316913842
BACCALAUREAT GENERAL;2017;06;S;SVT;M;R;0316913886
BACCALAUREAT GENERAL;2017;06;S;SVT;M;R;0316913972
BACCALAUREAT GENERAL;2017;06;S;SVT;M;R;0316914066
BACCALAUREAT GENERAL;2017;06;S;SVT;M;R;0316914089
BACCALAUREAT GENERAL;2017;06;S;SVT;M;R;0316914120
BACCALAUREAT GENERAL;2017;06;S;SVT;M;R;0316914225
BACCALAUREAT GENERAL;2017;06;S;SVT;M;R;0316914517
BACCALAUREAT GENERAL;2017;06;S;SVT;M;R;0316914566
BACCALAUREAT GENERAL;2017;06;S;SVT;M;R;0316914754
BACCALAUREAT GENERAL;2017;06;S;SVT;M;R;0316914829
BACCALAUREAT GENERAL;2017;06;S;SVT;M;R;0316914861
BACCALAUREAT GENERAL;2017;06;S;SVT;M;R;0316915128
BACCALAUREAT GENERAL;2017;06;S;SVT;M;R;0316915168
BACCALAUREAT GENERAL;2017;06;S;SVT;M;R;0316915444
BACCALAUREAT GENERAL;2017;06;S;SVT;M;R;0316915563
BACCALAUREAT GENERAL;2017;06;S;SVT;M;R;0316915628
BACCALAUREAT GENERAL;2017;06;S;SVT;M;R;0316915702
BACCALAUREAT GENERAL;2017;06;S;SVT;M;R;0316915837
BACCALAUREAT GENERAL;2017;06;S;SVT;M;R;0316915880
BACCALAUREAT GENERAL;2017;06;S;SVT;M;R;0316915906
BACCALAUREAT GENERAL;2017;06;S;SVT;M;R;0316916016
BACCALAUREAT GENERAL;2017;06;S;SVT;M;R;0316916068
BACCALAUREAT GENERAL;2017;06;S;SVT;M;R;0316916100
BACCALAUREAT GENERAL;2017;06;S;SVT;M;R;0316916202
BACCALAUREAT GENERAL;2017;06;S;SVT;M;R;0316916210
BACCALAUREAT GENERAL;2017;06;S;SVT;M;R;0316916218
BACCALAUREAT GENERAL;2017;06;S;SVT;M;R;0316916240
BACCALAUREAT GENERAL;2017;06;S;SVT;M;R;0316916259
BACCALAUREAT GENERAL;2017;06;S;SVT;M;R;0316916404
BACCALAUREAT GENERAL;2017;06;S;SVT;M;R;0316916612
BACCALAUREAT GENERAL;2017;06;S;SVT;M;R;0316916635
BACCALAUREAT GENERAL;2017;06;S;SVT;M;R;0316916928
BACCALAUREAT GENERAL;2017;06;S;SVT;M;R;0316917063
BACCALAUREAT GENERAL;2017;06;S;SVT;M;R;0316917124
BACCALAUREAT GENERAL;2017;06;S;SVT;M;R;0316917285
BACCALAUREAT GENERAL;2017;06;S;SVT;M;R;0316917300
BACCALAUREAT GENERAL;2017;06;S;SVT;M;R;0316917451
BACCALAUREAT GENERAL;2017;06;S;SVT;M;R;0316917472
BACCALAUREAT GENERAL;2017;06;S;SVT;M;R;0316917611
BACCALAUREAT GENERAL;2017;06;S;SVT;M;R;0316917906
BACCALAUREAT GENERAL;2017;06;S;SVT;M;R;0316917924
BACCALAUREAT GENERAL;2017;06;S;SVT;M;R;0316918131
BACCALAUREAT GENERAL;2017;06;S;SVT;M;R;0316918283
BACCALAUREAT GENERAL;2017;06;S;SVT;M;R;0316918432
BACCALAUREAT GENERAL;2017;06;S;SVT;M;R;0316918536
BACCALAUREAT GENERAL;2017;06;S;SVT;M;R;0316918586
BACCALAUREAT GENERAL;2017;06;S;SVT;M;R;0316918643
BACCALAUREAT GENERAL;2017;06;S;SVT;M;R;0316918646
BACCALAUREAT GENERAL;2017;06;S;SVT;M;R;0316918739
BACCALAUREAT GENERAL;2017;06;S;SVT;M;R;0316919277
BACCALAUREAT GENERAL;2017;06;S;SVT;M;R;0316919387
BACCALAUREAT GENERAL;2017;06;S;SVT;M;R;0316919439
BACCALAUREAT GENERAL;2017;06;S;SVT;M;R;0316919453
BACCALAUREAT GENERAL;2017;06;S;SVT;M;R;0316919608
BACCALAUREAT GENERAL;2017;06;S;SVT;M;R;0316919866
BACCALAUREAT GENERAL;2017;06;S;SVT;M;R;0316919973
BACCALAUREAT GENERAL;2017;06;S;SVT;M;R;0316920164
BACCALAUREAT GENERAL;2017;06;S;SVT;M;R;0516043637
BACCALAUREAT GENERAL;2017;06;S;SVT;M;R;0516043670
BACCALAUREAT GENERAL;2017;06;S;SVT;M;R;0516059408
BACCALAUREAT GENERAL;2017;06;S;SVT;M;R;0516187649
BACCALAUREAT GENERAL;2017;06;S;SVT;P;E;0316653323
BACCALAUREAT GENERAL;2017;06;S;SVT;P;E;0316914538
BACCALAUREAT GENERAL;2017;06;S;SVT;P;E;0316915067
BACCALAUREAT GENERAL;2017;06;S;SVT;P;E;0316915152
BACCALAUREAT GENERAL;2017;06;S;SVT;P;E;0316916847
BACCALAUREAT GENERAL;2017;06;S;SVT;P;E;0316917497
BACCALAUREAT GENERAL;2017;06;S;SVT;P;E;0316918402
BACCALAUREAT GENERAL;2017;06;S;SVT;P;E;0316918413
BACCALAUREAT GENERAL;2017;06;S;SVT;P;E;0316919767
BACCALAUREAT GENERAL;2017;06;S;SVT;P;R;0316522255
BACCALAUREAT GENERAL;2017;06;S;SVT;P;R;0316653074
BACCALAUREAT GENERAL;2017;06;S;SVT;P;R;0316653112
BACCALAUREAT GENERAL;2017;06;S;SVT;P;R;0316653148
BACCALAUREAT GENERAL;2017;06;S;SVT;P;R;0316653209
BACCALAUREAT GENERAL;2017;06;S;SVT;P;R;0316653311
BACCALAUREAT GENERAL;2017;06;S;SVT;P;R;0316653394
BACCALAUREAT GENERAL;2017;06;S;SVT;P;R;0316654029
BACCALAUREAT GENERAL;2017;06;S;SVT;P;R;0316654353
BACCALAUREAT GENERAL;2017;06;S;SVT;P;R;0316654662
BACCALAUREAT GENERAL;2017;06;S;SVT;P;R;0316655139
BACCALAUREAT GENERAL;2017;06;S;SVT;P;R;0316655835
BACCALAUREAT GENERAL;2017;06;S;SVT;P;R;0316655921
BACCALAUREAT GENERAL;2017;06;S;SVT;P;R;0316656669
BACCALAUREAT GENERAL;2017;06;S;SVT;P;R;0316656720
BACCALAUREAT GENERAL;2017;06;S;SVT;P;R;0316658498
BACCALAUREAT GENERAL;2017;06;S;SVT;P;R;0316659144
BACCALAUREAT GENERAL;2017;06;S;SVT;P;R;0316659482
BACCALAUREAT GENERAL;2017;06;S;SVT;P;R;0316913758
BACCALAUREAT GENERAL;2017;06;S;SVT;P;R;0316913904
BACCALAUREAT GENERAL;2017;06;S;SVT;P;R;0316913941
BACCALAUREAT GENERAL;2017;06;S;SVT;P;R;0316913956
BACCALAUREAT GENERAL;2017;06;S;SVT;P;R;0316914005
BACCALAUREAT GENERAL;2017;06;S;SVT;P;R;0316914038
BACCALAUREAT GENERAL;2017;06;S;SVT;P;R;0316914065
BACCALAUREAT GENERAL;2017;06;S;SVT;P;R;0316914278
BACCALAUREAT GENERAL;2017;06;S;SVT;P;R;0316914414
BACCALAUREAT GENERAL;2017;06;S;SVT;P;R;0316914428
BACCALAUREAT GENERAL;2017;06;S;SVT;P;R;0316914446
BACCALAUREAT GENERAL;2017;06;S;SVT;P;R;0316914481
BACCALAUREAT GENERAL;2017;06;S;SVT;P;R;0316914586
BACCALAUREAT GENERAL;2017;06;S;SVT;P;R;0316914679
BACCALAUREAT GENERAL;2017;06;S;SVT;P;R;0316914685
BACCALAUREAT GENERAL;2017;06;S;SVT;P;R;0316914828
BACCALAUREAT GENERAL;2017;06;S;SVT;P;R;0316914930
BACCALAUREAT GENERAL;2017;06;S;SVT;P;R;0316914959
BACCALAUREAT GENERAL;2017;06;S;SVT;P;R;0316914979
BACCALAUREAT GENERAL;2017;06;S;SVT;P;R;0316914988
BACCALAUREAT GENERAL;2017;06;S;SVT;P;R;0316914997
BACCALAUREAT GENERAL;2017;06;S;SVT;P;R;0316915064
BACCALAUREAT GENERAL;2017;06;S;SVT;P;R;0316915065
BACCALAUREAT GENERAL;2017;06;S;SVT;P;R;0316915082
BACCALAUREAT GENERAL;2017;06;S;SVT;P;R;0316915285
BACCALAUREAT GENERAL;2017;06;S;SVT;P;R;0316915347
BACCALAUREAT GENERAL;2017;06;S;SVT;P;R;0316915355
BACCALAUREAT GENERAL;2017;06;S;SVT;P;R;0316915495
BACCALAUREAT GENERAL;2017;06;S;SVT;P;R;0316915614
BACCALAUREAT GENERAL;2017;06;S;SVT;P;R;0316915621
BACCALAUREAT GENERAL;2017;06;S;SVT;P;R;0316915692
BACCALAUREAT GENERAL;2017;06;S;SVT;P;R;0316915764
BACCALAUREAT GENERAL;2017;06;S;SVT;P;R;0316915913
BACCALAUREAT GENERAL;2017;06;S;SVT;P;R;0316916034
BACCALAUREAT GENERAL;2017;06;S;SVT;P;R;0316916065
BACCALAUREAT GENERAL;2017;06;S;SVT;P;R;0316916076
BACCALAUREAT GENERAL;2017;06;S;SVT;P;R;0316916213
BACCALAUREAT GENERAL;2017;06;S;SVT;P;R;0316916225
BACCALAUREAT GENERAL;2017;06;S;SVT;P;R;0316916287
BACCALAUREAT GENERAL;2017;06;S;SVT;P;R;0316916297
BACCALAUREAT GENERAL;2017;06;S;SVT;P;R;0316916380
BACCALAUREAT GENERAL;2017;06;S;SVT;P;R;0316916471
BACCALAUREAT GENERAL;2017;06;S;SVT;P;R;0316916477
BACCALAUREAT GENERAL;2017;06;S;SVT;P;R;0316916540
BACCALAUREAT GENERAL;2017;06;S;SVT;P;R;0316916622
BACCALAUREAT GENERAL;2017;06;S;SVT;P;R;0316916941
BACCALAUREAT GENERAL;2017;06;S;SVT;P;R;0316916985
BACCALAUREAT GENERAL;2017;06;S;SVT;P;R;0316916993
BACCALAUREAT GENERAL;2017;06;S;SVT;P;R;0316917062
BACCALAUREAT GENERAL;2017;06;S;SVT;P;R;0316917231
BACCALAUREAT GENERAL;2017;06;S;SVT;P;R;0316917253
BACCALAUREAT GENERAL;2017;06;S;SVT;P;R;0316917303
BACCALAUREAT GENERAL;2017;06;S;SVT;P;R;0316917310
BACCALAUREAT GENERAL;2017;06;S;SVT;P;R;0316917338
BACCALAUREAT GENERAL;2017;06;S;SVT;P;R;0316917454
BACCALAUREAT GENERAL;2017;06;S;SVT;P;R;0316917507
BACCALAUREAT GENERAL;2017;06;S;SVT;P;R;0316917529
BACCALAUREAT GENERAL;2017;06;S;SVT;P;R;0316917537
BACCALAUREAT GENERAL;2017;06;S;SVT;P;R;0316917555
BACCALAUREAT GENERAL;2017;06;S;SVT;P;R;0316917583
BACCALAUREAT GENERAL;2017;06;S;SVT;P;R;0316917595
BACCALAUREAT GENERAL;2017;06;S;SVT;P;R;0316917621
BACCALAUREAT GENERAL;2017;06;S;SVT;P;R;0316917627
BACCALAUREAT GENERAL;2017;06;S;SVT;P;R;0316917645
BACCALAUREAT GENERAL;2017;06;S;SVT;P;R;0316917658
BACCALAUREAT GENERAL;2017;06;S;SVT;P;R;0316917693
BACCALAUREAT GENERAL;2017;06;S;SVT;P;R;0316917716
BACCALAUREAT GENERAL;2017;06;S;SVT;P;R;0316917747
BACCALAUREAT GENERAL;2017;06;S;SVT;P;R;0316917828
BACCALAUREAT GENERAL;2017;06;S;SVT;P;R;0316917838
BACCALAUREAT GENERAL;2017;06;S;SVT;P;R;0316917992
BACCALAUREAT GENERAL;2017;06;S;SVT;P;R;0316918099
BACCALAUREAT GENERAL;2017;06;S;SVT;P;R;0316918169
BACCALAUREAT GENERAL;2017;06;S;SVT;P;R;0316918179
BACCALAUREAT GENERAL;2017;06;S;SVT;P;R;0316918180
BACCALAUREAT GENERAL;2017;06;S;SVT;P;R;0316918206
BACCALAUREAT GENERAL;2017;06;S;SVT;P;R;0316918228
BACCALAUREAT GENERAL;2017;06;S;SVT;P;R;0316918240
BACCALAUREAT GENERAL;2017;06;S;SVT;P;R;0316918395
BACCALAUREAT GENERAL;2017;06;S;SVT;P;R;0316918428
BACCALAUREAT GENERAL;2017;06;S;SVT;P;R;0316918487
BACCALAUREAT GENERAL;2017;06;S;SVT;P;R;0316918488
BACCALAUREAT GENERAL;2017;06;S;SVT;P;R;0316918491
BACCALAUREAT GENERAL;2017;06;S;SVT;P;R;0316918506
BACCALAUREAT GENERAL;2017;06;S;SVT;P;R;0316918511
BACCALAUREAT GENERAL;2017;06;S;SVT;P;R;0316918537
BACCALAUREAT GENERAL;2017;06;S;SVT;P;R;0316918576
BACCALAUREAT GENERAL;2017;06;S;SVT;P;R;0316918735
BACCALAUREAT GENERAL;2017;06;S;SVT;P;R;0316918800
BACCALAUREAT GENERAL;2017;06;S;SVT;P;R;0316918928
BACCALAUREAT GENERAL;2017;06;S;SVT;P;R;0316918961
BACCALAUREAT GENERAL;2017;06;S;SVT;P;R;0316919113
BACCALAUREAT GENERAL;2017;06;S;SVT;P;R;0316919399
BACCALAUREAT GENERAL;2017;06;S;SVT;P;R;0316919481
BACCALAUREAT GENERAL;2017;06;S;SVT;P;R;0316919522
BACCALAUREAT GENERAL;2017;06;S;SVT;P;R;0316919675
BACCALAUREAT GENERAL;2017;06;S;SVT;P;R;0316919678
BACCALAUREAT GENERAL;2017;06;S;SVT;P;R;0316919927
BACCALAUREAT GENERAL;2017;06;S;SVT;P;R;0316919960
BACCALAUREAT GENERAL;2017;06;S;SVT;P;R;0316919979
BACCALAUREAT GENERAL;2017;06;S;SVT;P;R;0316919982
BACCALAUREAT GENERAL;2017;06;S;SVT;P;R;0316920061
BACCALAUREAT GENERAL;2017;06;S;SVT;P;R;0316920075
BACCALAUREAT GENERAL;2017;06;S;SVT;P;R;0516043686
BACCALAUREAT GENERAL;2017;06;S;SVT;P;R;0516187659
BACCALAUREAT GENERAL;2017;06;S;SVT;P;R;0516187660
BACCALAUREAT GENERAL;2017;06;S;SVT;P;R;0516187663
BACCALAUREAT GENERAL;2017;06;S;SVT;P;R;0516187670
BACCALAUREAT GENERAL;2017;06;S;SVT;P;R;0516188037
BACCALAUREAT GENERAL;2017;06;S;SVT;S;E;0316656777
BACCALAUREAT GENERAL;2017;06;S;SVT;S;E;0316657824
BACCALAUREAT GENERAL;2017;06;S;SVT;S;E;0316658006
BACCALAUREAT GENERAL;2017;06;S;SVT;S;E;0316914171
BACCALAUREAT GENERAL;2017;06;S;SVT;S;E;0316914410
BACCALAUREAT GENERAL;2017;06;S;SVT;S;E;0316915420
BACCALAUREAT GENERAL;2017;06;S;SVT;S;E;0316915716
BACCALAUREAT GENERAL;2017;06;S;SVT;S;E;0316915873
BACCALAUREAT GENERAL;2017;06;S;SVT;S;E;0316916228
BACCALAUREAT GENERAL;2017;06;S;SVT;S;E;0316916288
BACCALAUREAT GENERAL;2017;06;S;SVT;S;E;0316916385
BACCALAUREAT GENERAL;2017;06;S;SVT;S;E;0316916609
BACCALAUREAT GENERAL;2017;06;S;SVT;S;E;0316916683
BACCALAUREAT GENERAL;2017;06;S;SVT;S;E;0316916784
BACCALAUREAT GENERAL;2017;06;S;SVT;S;E;0316916949
BACCALAUREAT GENERAL;2017;06;S;SVT;S;E;0316917426
BACCALAUREAT GENERAL;2017;06;S;SVT;S;E;0316917760
BACCALAUREAT GENERAL;2017;06;S;SVT;S;E;0316918172
BACCALAUREAT GENERAL;2017;06;S;SVT;S;E;0316918306
BACCALAUREAT GENERAL;2017;06;S;SVT;S;E;0316918313
BACCALAUREAT GENERAL;2017;06;S;SVT;S;E;0316918348
BACCALAUREAT GENERAL;2017;06;S;SVT;S;E;0316918677
BACCALAUREAT GENERAL;2017;06;S;SVT;S;E;0316918706
BACCALAUREAT GENERAL;2017;06;S;SVT;S;E;0316918796
BACCALAUREAT GENERAL;2017;06;S;SVT;S;E;0316918798
BACCALAUREAT GENERAL;2017;06;S;SVT;S;E;0316919020
BACCALAUREAT GENERAL;2017;06;S;SVT;S;E;0316919172
BACCALAUREAT GENERAL;2017;06;S;SVT;S;E;0316919241
BACCALAUREAT GENERAL;2017;06;S;SVT;S;E;0316919760
BACCALAUREAT GENERAL;2017;06;S;SVT;S;E;0316920203
BACCALAUREAT GENERAL;2017;06;S;SVT;S;R;0316248699
BACCALAUREAT GENERAL;2017;06;S;SVT;S;R;0316521988
BACCALAUREAT GENERAL;2017;06;S;SVT;S;R;0316523419
BACCALAUREAT GENERAL;2017;06;S;SVT;S;R;0316525012
BACCALAUREAT GENERAL;2017;06;S;SVT;S;R;0316525362
BACCALAUREAT GENERAL;2017;06;S;SVT;S;R;0316527748
BACCALAUREAT GENERAL;2017;06;S;SVT;S;R;0316528024
BACCALAUREAT GENERAL;2017;06;S;SVT;S;R;0316653043
BACCALAUREAT GENERAL;2017;06;S;SVT;S;R;0316653046
BACCALAUREAT GENERAL;2017;06;S;SVT;S;R;0316653065
BACCALAUREAT GENERAL;2017;06;S;SVT;S;R;0316653119
BACCALAUREAT GENERAL;2017;06;S;SVT;S;R;0316653129
BACCALAUREAT GENERAL;2017;06;S;SVT;S;R;0316653131
BACCALAUREAT GENERAL;2017;06;S;SVT;S;R;0316653139
BACCALAUREAT GENERAL;2017;06;S;SVT;S;R;0316653142
BACCALAUREAT GENERAL;2017;06;S;SVT;S;R;0316653162
BACCALAUREAT GENERAL;2017;06;S;SVT;S;R;0316653173
BACCALAUREAT GENERAL;2017;06;S;SVT;S;R;0316653211
BACCALAUREAT GENERAL;2017;06;S;SVT;S;R;0316653214
BACCALAUREAT GENERAL;2017;06;S;SVT;S;R;0316653283
BACCALAUREAT GENERAL;2017;06;S;SVT;S;R;0316653296
BACCALAUREAT GENERAL;2017;06;S;SVT;S;R;0316653361
BACCALAUREAT GENERAL;2017;06;S;SVT;S;R;0316653390
BACCALAUREAT GENERAL;2017;06;S;SVT;S;R;0316653427
BACCALAUREAT GENERAL;2017;06;S;SVT;S;R;0316653518
BACCALAUREAT GENERAL;2017;06;S;SVT;S;R;0316653874
BACCALAUREAT GENERAL;2017;06;S;SVT;S;R;0316653996
BACCALAUREAT GENERAL;2017;06;S;SVT;S;R;0316654014
BACCALAUREAT GENERAL;2017;06;S;SVT;S;R;0316654068
BACCALAUREAT GENERAL;2017;06;S;SVT;S;R;0316654089
BACCALAUREAT GENERAL;2017;06;S;SVT;S;R;0316654100
BACCALAUREAT GENERAL;2017;06;S;SVT;S;R;0316654213
BACCALAUREAT GENERAL;2017;06;S;SVT;S;R;0316654231
BACCALAUREAT GENERAL;2017;06;S;SVT;S;R;0316654259
BACCALAUREAT GENERAL;2017;06;S;SVT;S;R;0316654284
BACCALAUREAT GENERAL;2017;06;S;SVT;S;R;0316654317
BACCALAUREAT GENERAL;2017;06;S;SVT;S;R;0316654332
BACCALAUREAT GENERAL;2017;06;S;SVT;S;R;0316654536
BACCALAUREAT GENERAL;2017;06;S;SVT;S;R;0316654537
BACCALAUREAT GENERAL;2017;06;S;SVT;S;R;0316654585
BACCALAUREAT GENERAL;2017;06;S;SVT;S;R;0316654592
BACCALAUREAT GENERAL;2017;06;S;SVT;S;R;0316654688
BACCALAUREAT GENERAL;2017;06;S;SVT;S;R;0316654732
BACCALAUREAT GENERAL;2017;06;S;SVT;S;R;0316654755
BACCALAUREAT GENERAL;2017;06;S;SVT;S;R;0316655068
BACCALAUREAT GENERAL;2017;06;S;SVT;S;R;0316655192
BACCALAUREAT GENERAL;2017;06;S;SVT;S;R;0316655218
BACCALAUREAT GENERAL;2017;06;S;SVT;S;R;0316655233
BACCALAUREAT GENERAL;2017;06;S;SVT;S;R;0316655834
BACCALAUREAT GENERAL;2017;06;S;SVT;S;R;0316655854
BACCALAUREAT GENERAL;2017;06;S;SVT;S;R;0316655913
BACCALAUREAT GENERAL;2017;06;S;SVT;S;R;0316656102
BACCALAUREAT GENERAL;2017;06;S;SVT;S;R;0316656172
BACCALAUREAT GENERAL;2017;06;S;SVT;S;R;0316656234
BACCALAUREAT GENERAL;2017;06;S;SVT;S;R;0316656540
BACCALAUREAT GENERAL;2017;06;S;SVT;S;R;0316656571
BACCALAUREAT GENERAL;2017;06;S;SVT;S;R;0316656625
BACCALAUREAT GENERAL;2017;06;S;SVT;S;R;0316656711
BACCALAUREAT GENERAL;2017;06;S;SVT;S;R;0316656880
BACCALAUREAT GENERAL;2017;06;S;SVT;S;R;0316657011
BACCALAUREAT GENERAL;2017;06;S;SVT;S;R;0316657176
BACCALAUREAT GENERAL;2017;06;S;SVT;S;R;0316657218
BACCALAUREAT GENERAL;2017;06;S;SVT;S;R;0316657226
BACCALAUREAT GENERAL;2017;06;S;SVT;S;R;0316657678
BACCALAUREAT GENERAL;2017;06;S;SVT;S;R;0316657731
BACCALAUREAT GENERAL;2017;06;S;SVT;S;R;0316657840
BACCALAUREAT GENERAL;2017;06;S;SVT;S;R;0316658020
BACCALAUREAT GENERAL;2017;06;S;SVT;S;R;0316658551
BACCALAUREAT GENERAL;2017;06;S;SVT;S;R;0316658641
BACCALAUREAT GENERAL;2017;06;S;SVT;S;R;0316658678
BACCALAUREAT GENERAL;2017;06;S;SVT;S;R;0316658679
BACCALAUREAT GENERAL;2017;06;S;SVT;S;R;0316658722
BACCALAUREAT GENERAL;2017;06;S;SVT;S;R;0316659083
BACCALAUREAT GENERAL;2017;06;S;SVT;S;R;0316659136
BACCALAUREAT GENERAL;2017;06;S;SVT;S;R;0316659312
BACCALAUREAT GENERAL;2017;06;S;SVT;S;R;0316659396
BACCALAUREAT GENERAL;2017;06;S;SVT;S;R;0316659484
BACCALAUREAT GENERAL;2017;06;S;SVT;S;R;0316727847
BACCALAUREAT GENERAL;2017;06;S;SVT;S;R;0316727966
BACCALAUREAT GENERAL;2017;06;S;SVT;S;R;0316913746
BACCALAUREAT GENERAL;2017;06;S;SVT;S;R;0316913750
BACCALAUREAT GENERAL;2017;06;S;SVT;S;R;0316913798
BACCALAUREAT GENERAL;2017;06;S;SVT;S;R;0316913817
BACCALAUREAT GENERAL;2017;06;S;SVT;S;R;0316913824
BACCALAUREAT GENERAL;2017;06;S;SVT;S;R;0316913844
BACCALAUREAT GENERAL;2017;06;S;SVT;S;R;0316913854
BACCALAUREAT GENERAL;2017;06;S;SVT;S;R;0316913868
BACCALAUREAT GENERAL;2017;06;S;SVT;S;R;0316913869
BACCALAUREAT GENERAL;2017;06;S;SVT;S;R;0316913877
BACCALAUREAT GENERAL;2017;06;S;SVT;S;R;0316913879
BACCALAUREAT GENERAL;2017;06;S;SVT;S;R;0316913882
BACCALAUREAT GENERAL;2017;06;S;SVT;S;R;0316913890
BACCALAUREAT GENERAL;2017;06;S;SVT;S;R;0316913898
BACCALAUREAT GENERAL;2017;06;S;SVT;S;R;0316913906
BACCALAUREAT GENERAL;2017;06;S;SVT;S;R;0316913908
BACCALAUREAT GENERAL;2017;06;S;SVT;S;R;0316913915
BACCALAUREAT GENERAL;2017;06;S;SVT;S;R;0316913916
BACCALAUREAT GENERAL;2017;06;S;SVT;S;R;0316913917
BACCALAUREAT GENERAL;2017;06;S;SVT;S;R;0316913921
BACCALAUREAT GENERAL;2017;06;S;SVT;S;R;0316913922
BACCALAUREAT GENERAL;2017;06;S;SVT;S;R;0316913946
BACCALAUREAT GENERAL;2017;06;S;SVT;S;R;0316913950
BACCALAUREAT GENERAL;2017;06;S;SVT;S;R;0316913955
BACCALAUREAT GENERAL;2017;06;S;SVT;S;R;0316913957
BACCALAUREAT GENERAL;2017;06;S;SVT;S;R;0316913966
BACCALAUREAT GENERAL;2017;06;S;SVT;S;R;0316913967
BACCALAUREAT GENERAL;2017;06;S;SVT;S;R;0316913977
BACCALAUREAT GENERAL;2017;06;S;SVT;S;R;0316913979
BACCALAUREAT GENERAL;2017;06;S;SVT;S;R;0316913980
BACCALAUREAT GENERAL;2017;06;S;SVT;S;R;0316913986
BACCALAUREAT GENERAL;2017;06;S;SVT;S;R;0316913991
BACCALAUREAT GENERAL;2017;06;S;SVT;S;R;0316913992
BACCALAUREAT GENERAL;2017;06;S;SVT;S;R;0316914000
BACCALAUREAT GENERAL;2017;06;S;SVT;S;R;0316914013
BACCALAUREAT GENERAL;2017;06;S;SVT;S;R;0316914015
BACCALAUREAT GENERAL;2017;06;S;SVT;S;R;0316914018
BACCALAUREAT GENERAL;2017;06;S;SVT;S;R;0316914024
BACCALAUREAT GENERAL;2017;06;S;SVT;S;R;0316914035
BACCALAUREAT GENERAL;2017;06;S;SVT;S;R;0316914041
BACCALAUREAT GENERAL;2017;06;S;SVT;S;R;0316914082
BACCALAUREAT GENERAL;2017;06;S;SVT;S;R;0316914098
BACCALAUREAT GENERAL;2017;06;S;SVT;S;R;0316914109
BACCALAUREAT GENERAL;2017;06;S;SVT;S;R;0316914119
BACCALAUREAT GENERAL;2017;06;S;SVT;S;R;0316914127
BACCALAUREAT GENERAL;2017;06;S;SVT;S;R;0316914194
BACCALAUREAT GENERAL;2017;06;S;SVT;S;R;0316914230
BACCALAUREAT GENERAL;2017;06;S;SVT;S;R;0316914241
BACCALAUREAT GENERAL;2017;06;S;SVT;S;R;0316914252
BACCALAUREAT GENERAL;2017;06;S;SVT;S;R;0316914273
BACCALAUREAT GENERAL;2017;06;S;SVT;S;R;0316914294
BACCALAUREAT GENERAL;2017;06;S;SVT;S;R;0316914317
BACCALAUREAT GENERAL;2017;06;S;SVT;S;R;0316914322
BACCALAUREAT GENERAL;2017;06;S;SVT;S;R;0316914360
BACCALAUREAT GENERAL;2017;06;S;SVT;S;R;0316914373
BACCALAUREAT GENERAL;2017;06;S;SVT;S;R;0316914392
BACCALAUREAT GENERAL;2017;06;S;SVT;S;R;0316914418
BACCALAUREAT GENERAL;2017;06;S;SVT;S;R;0316914427
BACCALAUREAT GENERAL;2017;06;S;SVT;S;R;0316914429
BACCALAUREAT GENERAL;2017;06;S;SVT;S;R;0316914443
BACCALAUREAT GENERAL;2017;06;S;SVT;S;R;0316914471
BACCALAUREAT GENERAL;2017;06;S;SVT;S;R;0316914476
BACCALAUREAT GENERAL;2017;06;S;SVT;S;R;0316914491
BACCALAUREAT GENERAL;2017;06;S;SVT;S;R;0316914497
BACCALAUREAT GENERAL;2017;06;S;SVT;S;R;0316914514
BACCALAUREAT GENERAL;2017;06;S;SVT;S;R;0316914519
BACCALAUREAT GENERAL;2017;06;S;SVT;S;R;0316914525
BACCALAUREAT GENERAL;2017;06;S;SVT;S;R;0316914527
BACCALAUREAT GENERAL;2017;06;S;SVT;S;R;0316914528
BACCALAUREAT GENERAL;2017;06;S;SVT;S;R;0316914530
BACCALAUREAT GENERAL;2017;06;S;SVT;S;R;0316914531
BACCALAUREAT GENERAL;2017;06;S;SVT;S;R;0316914541
BACCALAUREAT GENERAL;2017;06;S;SVT;S;R;0316914578
BACCALAUREAT GENERAL;2017;06;S;SVT;S;R;0316914599
BACCALAUREAT GENERAL;2017;06;S;SVT;S;R;0316914604
BACCALAUREAT GENERAL;2017;06;S;SVT;S;R;0316914627
BACCALAUREAT GENERAL;2017;06;S;SVT;S;R;0316914673
BACCALAUREAT GENERAL;2017;06;S;SVT;S;R;0316914677
BACCALAUREAT GENERAL;2017;06;S;SVT;S;R;0316914698
BACCALAUREAT GENERAL;2017;06;S;SVT;S;R;0316914709
BACCALAUREAT GENERAL;2017;06;S;SVT;S;R;0316914721
BACCALAUREAT GENERAL;2017;06;S;SVT;S;R;0316914723
BACCALAUREAT GENERAL;2017;06;S;SVT;S;R;0316914738
BACCALAUREAT GENERAL;2017;06;S;SVT;S;R;0316914747
BACCALAUREAT GENERAL;2017;06;S;SVT;S;R;0316914774
BACCALAUREAT GENERAL;2017;06;S;SVT;S;R;0316914837
BACCALAUREAT GENERAL;2017;06;S;SVT;S;R;0316914857
BACCALAUREAT GENERAL;2017;06;S;SVT;S;R;0316914864
BACCALAUREAT GENERAL;2017;06;S;SVT;S;R;0316914886
BACCALAUREAT GENERAL;2017;06;S;SVT;S;R;0316914901
BACCALAUREAT GENERAL;2017;06;S;SVT;S;R;0316914962
BACCALAUREAT GENERAL;2017;06;S;SVT;S;R;0316914985
BACCALAUREAT GENERAL;2017;06;S;SVT;S;R;0316915007
BACCALAUREAT GENERAL;2017;06;S;SVT;S;R;0316915008
BACCALAUREAT GENERAL;2017;06;S;SVT;S;R;0316915018
BACCALAUREAT GENERAL;2017;06;S;SVT;S;R;0316915098
BACCALAUREAT GENERAL;2017;06;S;SVT;S;R;0316915136
BACCALAUREAT GENERAL;2017;06;S;SVT;S;R;0316915159
BACCALAUREAT GENERAL;2017;06;S;SVT;S;R;0316915169
BACCALAUREAT GENERAL;2017;06;S;SVT;S;R;0316915170
BACCALAUREAT GENERAL;2017;06;S;SVT;S;R;0316915266
BACCALAUREAT GENERAL;2017;06;S;SVT;S;R;0316915267
BACCALAUREAT GENERAL;2017;06;S;SVT;S;R;0316915300
BACCALAUREAT GENERAL;2017;06;S;SVT;S;R;0316915311
BACCALAUREAT GENERAL;2017;06;S;SVT;S;R;0316915327
BACCALAUREAT GENERAL;2017;06;S;SVT;S;R;0316915365
BACCALAUREAT GENERAL;2017;06;S;SVT;S;R;0316915376
BACCALAUREAT GENERAL;2017;06;S;SVT;S;R;0316915415
BACCALAUREAT GENERAL;2017;06;S;SVT;S;R;0316915424
BACCALAUREAT GENERAL;2017;06;S;SVT;S;R;0316915439
BACCALAUREAT GENERAL;2017;06;S;SVT;S;R;0316915452
BACCALAUREAT GENERAL;2017;06;S;SVT;S;R;0316915472
BACCALAUREAT GENERAL;2017;06;S;SVT;S;R;0316915523
BACCALAUREAT GENERAL;2017;06;S;SVT;S;R;0316915530
BACCALAUREAT GENERAL;2017;06;S;SVT;S;R;0316915535
BACCALAUREAT GENERAL;2017;06;S;SVT;S;R;0316915540
BACCALAUREAT GENERAL;2017;06;S;SVT;S;R;0316915593
BACCALAUREAT GENERAL;2017;06;S;SVT;S;R;0316915617
BACCALAUREAT GENERAL;2017;06;S;SVT;S;R;0316915630
BACCALAUREAT GENERAL;2017;06;S;SVT;S;R;0316915631
BACCALAUREAT GENERAL;2017;06;S;SVT;S;R;0316915634
BACCALAUREAT GENERAL;2017;06;S;SVT;S;R;0316915635
BACCALAUREAT GENERAL;2017;06;S;SVT;S;R;0316915636
BACCALAUREAT GENERAL;2017;06;S;SVT;S;R;0316915703
BACCALAUREAT GENERAL;2017;06;S;SVT;S;R;0316915707
BACCALAUREAT GENERAL;2017;06;S;SVT;S;R;0316915709
BACCALAUREAT GENERAL;2017;06;S;SVT;S;R;0316915710
BACCALAUREAT GENERAL;2017;06;S;SVT;S;R;0316915711
BACCALAUREAT GENERAL;2017;06;S;SVT;S;R;0316915723
BACCALAUREAT GENERAL;2017;06;S;SVT;S;R;0316915786
BACCALAUREAT GENERAL;2017;06;S;SVT;S;R;0316915833
BACCALAUREAT GENERAL;2017;06;S;SVT;S;R;0316915874
BACCALAUREAT GENERAL;2017;06;S;SVT;S;R;0316915918
BACCALAUREAT GENERAL;2017;06;S;SVT;S;R;0316915951
BACCALAUREAT GENERAL;2017;06;S;SVT;S;R;0316915971
BACCALAUREAT GENERAL;2017;06;S;SVT;S;R;0316915993
BACCALAUREAT GENERAL;2017;06;S;SVT;S;R;0316916002
BACCALAUREAT GENERAL;2017;06;S;SVT;S;R;0316916036
BACCALAUREAT GENERAL;2017;06;S;SVT;S;R;0316916044
BACCALAUREAT GENERAL;2017;06;S;SVT;S;R;0316916060
BACCALAUREAT GENERAL;2017;06;S;SVT;S;R;0316916104
BACCALAUREAT GENERAL;2017;06;S;SVT;S;R;0316916116
BACCALAUREAT GENERAL;2017;06;S;SVT;S;R;0316916126
BACCALAUREAT GENERAL;2017;06;S;SVT;S;R;0316916153
BACCALAUREAT GENERAL;2017;06;S;SVT;S;R;0316916162
BACCALAUREAT GENERAL;2017;06;S;SVT;S;R;0316916167
BACCALAUREAT GENERAL;2017;06;S;SVT;S;R;0316916221
BACCALAUREAT GENERAL;2017;06;S;SVT;S;R;0316916235
BACCALAUREAT GENERAL;2017;06;S;SVT;S;R;0316916242
BACCALAUREAT GENERAL;2017;06;S;SVT;S;R;0316916251
BACCALAUREAT GENERAL;2017;06;S;SVT;S;R;0316916258
BACCALAUREAT GENERAL;2017;06;S;SVT;S;R;0316916270
BACCALAUREAT GENERAL;2017;06;S;SVT;S;R;0316916271
BACCALAUREAT GENERAL;2017;06;S;SVT;S;R;0316916298
BACCALAUREAT GENERAL;2017;06;S;SVT;S;R;0316916309
BACCALAUREAT GENERAL;2017;06;S;SVT;S;R;0316916313
BACCALAUREAT GENERAL;2017;06;S;SVT;S;R;0316916321
BACCALAUREAT GENERAL;2017;06;S;SVT;S;R;0316916325
BACCALAUREAT GENERAL;2017;06;S;SVT;S;R;0316916338
BACCALAUREAT GENERAL;2017;06;S;SVT;S;R;0316916348
BACCALAUREAT GENERAL;2017;06;S;SVT;S;R;0316916363
BACCALAUREAT GENERAL;2017;06;S;SVT;S;R;0316916448
BACCALAUREAT GENERAL;2017;06;S;SVT;S;R;0316916451
BACCALAUREAT GENERAL;2017;06;S;SVT;S;R;0316916461
BACCALAUREAT GENERAL;2017;06;S;SVT;S;R;0316916560
BACCALAUREAT GENERAL;2017;06;S;SVT;S;R;0316916574
BACCALAUREAT GENERAL;2017;06;S;SVT;S;R;0316916576
BACCALAUREAT GENERAL;2017;06;S;SVT;S;R;0316916587
BACCALAUREAT GENERAL;2017;06;S;SVT;S;R;0316916665
BACCALAUREAT GENERAL;2017;06;S;SVT;S;R;0316916696
BACCALAUREAT GENERAL;2017;06;S;SVT;S;R;0316916714
BACCALAUREAT GENERAL;2017;06;S;SVT;S;R;0316916727
BACCALAUREAT GENERAL;2017;06;S;SVT;S;R;0316916769
BACCALAUREAT GENERAL;2017;06;S;SVT;S;R;0316916774
BACCALAUREAT GENERAL;2017;06;S;SVT;S;R;0316916776
BACCALAUREAT GENERAL;2017;06;S;SVT;S;R;0316916777
BACCALAUREAT GENERAL;2017;06;S;SVT;S;R;0316916783
BACCALAUREAT GENERAL;2017;06;S;SVT;S;R;0316916791
BACCALAUREAT GENERAL;2017;06;S;SVT;S;R;0316916795
BACCALAUREAT GENERAL;2017;06;S;SVT;S;R;0316916806
BACCALAUREAT GENERAL;2017;06;S;SVT;S;R;0316916850
BACCALAUREAT GENERAL;2017;06;S;SVT;S;R;0316916882
BACCALAUREAT GENERAL;2017;06;S;SVT;S;R;0316916926
BACCALAUREAT GENERAL;2017;06;S;SVT;S;R;0316916945
BACCALAUREAT GENERAL;2017;06;S;SVT;S;R;0316916961
BACCALAUREAT GENERAL;2017;06;S;SVT;S;R;0316916966
BACCALAUREAT GENERAL;2017;06;S;SVT;S;R;0316916967
BACCALAUREAT GENERAL;2017;06;S;SVT;S;R;0316917053
BACCALAUREAT GENERAL;2017;06;S;SVT;S;R;0316917081
BACCALAUREAT GENERAL;2017;06;S;SVT;S;R;0316917090
BACCALAUREAT GENERAL;2017;06;S;SVT;S;R;0316917136
BACCALAUREAT GENERAL;2017;06;S;SVT;S;R;0316917144
BACCALAUREAT GENERAL;2017;06;S;SVT;S;R;0316917149
BACCALAUREAT GENERAL;2017;06;S;SVT;S;R;0316917203
BACCALAUREAT GENERAL;2017;06;S;SVT;S;R;0316917223
BACCALAUREAT GENERAL;2017;06;S;SVT;S;R;0316917246
BACCALAUREAT GENERAL;2017;06;S;SVT;S;R;0316917252
BACCALAUREAT GENERAL;2017;06;S;SVT;S;R;0316917274
BACCALAUREAT GENERAL;2017;06;S;SVT;S;R;0316917380
BACCALAUREAT GENERAL;2017;06;S;SVT;S;R;0316917429
BACCALAUREAT GENERAL;2017;06;S;SVT;S;R;0316917445
BACCALAUREAT GENERAL;2017;06;S;SVT;S;R;0316917479
BACCALAUREAT GENERAL;2017;06;S;SVT;S;R;0316917481
BACCALAUREAT GENERAL;2017;06;S;SVT;S;R;0316917482
BACCALAUREAT GENERAL;2017;06;S;SVT;S;R;0316917574
BACCALAUREAT GENERAL;2017;06;S;SVT;S;R;0316917589
BACCALAUREAT GENERAL;2017;06;S;SVT;S;R;0316917594
BACCALAUREAT GENERAL;2017;06;S;SVT;S;R;0316917614
BACCALAUREAT GENERAL;2017;06;S;SVT;S;R;0316917624
BACCALAUREAT GENERAL;2017;06;S;SVT;S;R;0316917636
BACCALAUREAT GENERAL;2017;06;S;SVT;S;R;0316917668
BACCALAUREAT GENERAL;2017;06;S;SVT;S;R;0316917670
BACCALAUREAT GENERAL;2017;06;S;SVT;S;R;0316917685
BACCALAUREAT GENERAL;2017;06;S;SVT;S;R;0316917717
BACCALAUREAT GENERAL;2017;06;S;SVT;S;R;0316917736
BACCALAUREAT GENERAL;2017;06;S;SVT;S;R;0316917753
BACCALAUREAT GENERAL;2017;06;S;SVT;S;R;0316917830
BACCALAUREAT GENERAL;2017;06;S;SVT;S;R;0316917837
BACCALAUREAT GENERAL;2017;06;S;SVT;S;R;0316917870
BACCALAUREAT GENERAL;2017;06;S;SVT;S;R;0316917896
BACCALAUREAT GENERAL;2017;06;S;SVT;S;R;0316917916
BACCALAUREAT GENERAL;2017;06;S;SVT;S;R;0316917937
BACCALAUREAT GENERAL;2017;06;S;SVT;S;R;0316917942
BACCALAUREAT GENERAL;2017;06;S;SVT;S;R;0316918009
BACCALAUREAT GENERAL;2017;06;S;SVT;S;R;0316918022
BACCALAUREAT GENERAL;2017;06;S;SVT;S;R;0316918037
BACCALAUREAT GENERAL;2017;06;S;SVT;S;R;0316918084
BACCALAUREAT GENERAL;2017;06;S;SVT;S;R;0316918104
BACCALAUREAT GENERAL;2017;06;S;SVT;S;R;0316918107
BACCALAUREAT GENERAL;2017;06;S;SVT;S;R;0316918126
BACCALAUREAT GENERAL;2017;06;S;SVT;S;R;0316918159
BACCALAUREAT GENERAL;2017;06;S;SVT;S;R;0316918183
BACCALAUREAT GENERAL;2017;06;S;SVT;S;R;0316918193
BACCALAUREAT GENERAL;2017;06;S;SVT;S;R;0316918198
BACCALAUREAT GENERAL;2017;06;S;SVT;S;R;0316918203
BACCALAUREAT GENERAL;2017;06;S;SVT;S;R;0316918205
BACCALAUREAT GENERAL;2017;06;S;SVT;S;R;0316918216
BACCALAUREAT GENERAL;2017;06;S;SVT;S;R;0316918233
BACCALAUREAT GENERAL;2017;06;S;SVT;S;R;0316918253
BACCALAUREAT GENERAL;2017;06;S;SVT;S;R;0316918268
BACCALAUREAT GENERAL;2017;06;S;SVT;S;R;0316918305
BACCALAUREAT GENERAL;2017;06;S;SVT;S;R;0316918310
BACCALAUREAT GENERAL;2017;06;S;SVT;S;R;0316918331
BACCALAUREAT GENERAL;2017;06;S;SVT;S;R;0316918380
BACCALAUREAT GENERAL;2017;06;S;SVT;S;R;0316918400
BACCALAUREAT GENERAL;2017;06;S;SVT;S;R;0316918421
BACCALAUREAT GENERAL;2017;06;S;SVT;S;R;0316918449
BACCALAUREAT GENERAL;2017;06;S;SVT;S;R;0316918451
BACCALAUREAT GENERAL;2017;06;S;SVT;S;R;0316918458
BACCALAUREAT GENERAL;2017;06;S;SVT;S;R;0316918469
BACCALAUREAT GENERAL;2017;06;S;SVT;S;R;0316918519
BACCALAUREAT GENERAL;2017;06;S;SVT;S;R;0316918520
BACCALAUREAT GENERAL;2017;06;S;SVT;S;R;0316918522
BACCALAUREAT GENERAL;2017;06;S;SVT;S;R;0316918523
BACCALAUREAT GENERAL;2017;06;S;SVT;S;R;0316918530
BACCALAUREAT GENERAL;2017;06;S;SVT;S;R;0316918587
BACCALAUREAT GENERAL;2017;06;S;SVT;S;R;0316918593
BACCALAUREAT GENERAL;2017;06;S;SVT;S;R;0316918626
BACCALAUREAT GENERAL;2017;06;S;SVT;S;R;0316918681
BACCALAUREAT GENERAL;2017;06;S;SVT;S;R;0316918698
BACCALAUREAT GENERAL;2017;06;S;SVT;S;R;0316918702
BACCALAUREAT GENERAL;2017;06;S;SVT;S;R;0316918737
BACCALAUREAT GENERAL;2017;06;S;SVT;S;R;0316918759
BACCALAUREAT GENERAL;2017;06;S;SVT;S;R;0316918766
BACCALAUREAT GENERAL;2017;06;S;SVT;S;R;0316918797
BACCALAUREAT GENERAL;2017;06;S;SVT;S;R;0316918906
BACCALAUREAT GENERAL;2017;06;S;SVT;S;R;0316919086
BACCALAUREAT GENERAL;2017;06;S;SVT;S;R;0316919089
BACCALAUREAT GENERAL;2017;06;S;SVT;S;R;0316919093
BACCALAUREAT GENERAL;2017;06;S;SVT;S;R;0316919114
BACCALAUREAT GENERAL;2017;06;S;SVT;S;R;0316919116
BACCALAUREAT GENERAL;2017;06;S;SVT;S;R;0316919155
BACCALAUREAT GENERAL;2017;06;S;SVT;S;R;0316919173
BACCALAUREAT GENERAL;2017;06;S;SVT;S;R;0316919213
BACCALAUREAT GENERAL;2017;06;S;SVT;S;R;0316919228
BACCALAUREAT GENERAL;2017;06;S;SVT;S;R;0316919248
BACCALAUREAT GENERAL;2017;06;S;SVT;S;R;0316919258
BACCALAUREAT GENERAL;2017;06;S;SVT;S;R;0316919275
BACCALAUREAT GENERAL;2017;06;S;SVT;S;R;0316919318
BACCALAUREAT GENERAL;2017;06;S;SVT;S;R;0316919345
BACCALAUREAT GENERAL;2017;06;S;SVT;S;R;0316919346
BACCALAUREAT GENERAL;2017;06;S;SVT;S;R;0316919350
BACCALAUREAT GENERAL;2017;06;S;SVT;S;R;0316919375
BACCALAUREAT GENERAL;2017;06;S;SVT;S;R;0316919379
BACCALAUREAT GENERAL;2017;06;S;SVT;S;R;0316919381
BACCALAUREAT GENERAL;2017;06;S;SVT;S;R;0316919400
BACCALAUREAT GENERAL;2017;06;S;SVT;S;R;0316919404
BACCALAUREAT GENERAL;2017;06;S;SVT;S;R;0316919420
BACCALAUREAT GENERAL;2017;06;S;SVT;S;R;0316919432
BACCALAUREAT GENERAL;2017;06;S;SVT;S;R;0316919446
BACCALAUREAT GENERAL;2017;06;S;SVT;S;R;0316919460
BACCALAUREAT GENERAL;2017;06;S;SVT;S;R;0316919467
BACCALAUREAT GENERAL;2017;06;S;SVT;S;R;0316919547
BACCALAUREAT GENERAL;2017;06;S;SVT;S;R;0316919556
BACCALAUREAT GENERAL;2017;06;S;SVT;S;R;0316919566
BACCALAUREAT GENERAL;2017;06;S;SVT;S;R;0316919567
BACCALAUREAT GENERAL;2017;06;S;SVT;S;R;0316919568
BACCALAUREAT GENERAL;2017;06;S;SVT;S;R;0316919574
BACCALAUREAT GENERAL;2017;06;S;SVT;S;R;0316919582
BACCALAUREAT GENERAL;2017;06;S;SVT;S;R;0316919592
BACCALAUREAT GENERAL;2017;06;S;SVT;S;R;0316919606
BACCALAUREAT GENERAL;2017;06;S;SVT;S;R;0316919663
BACCALAUREAT GENERAL;2017;06;S;SVT;S;R;0316919681
BACCALAUREAT GENERAL;2017;06;S;SVT;S;R;0316919704
BACCALAUREAT GENERAL;2017;06;S;SVT;S;R;0316919705
BACCALAUREAT GENERAL;2017;06;S;SVT;S;R;0316919721
BACCALAUREAT GENERAL;2017;06;S;SVT;S;R;0316919731
BACCALAUREAT GENERAL;2017;06;S;SVT;S;R;0316919735
BACCALAUREAT GENERAL;2017;06;S;SVT;S;R;0316919773
BACCALAUREAT GENERAL;2017;06;S;SVT;S;R;0316919790
BACCALAUREAT GENERAL;2017;06;S;SVT;S;R;0316919817
BACCALAUREAT GENERAL;2017;06;S;SVT;S;R;0316919854
BACCALAUREAT GENERAL;2017;06;S;SVT;S;R;0316919855
BACCALAUREAT GENERAL;2017;06;S;SVT;S;R;0316919861
BACCALAUREAT GENERAL;2017;06;S;SVT;S;R;0316919873
BACCALAUREAT GENERAL;2017;06;S;SVT;S;R;0316919896
BACCALAUREAT GENERAL;2017;06;S;SVT;S;R;0316919928
BACCALAUREAT GENERAL;2017;06;S;SVT;S;R;0316919941
BACCALAUREAT GENERAL;2017;06;S;SVT;S;R;0316919948
BACCALAUREAT GENERAL;2017;06;S;SVT;S;R;0316919949
BACCALAUREAT GENERAL;2017;06;S;SVT;S;R;0316919975
BACCALAUREAT GENERAL;2017;06;S;SVT;S;R;0316919978
BACCALAUREAT GENERAL;2017;06;S;SVT;S;R;0316919989
BACCALAUREAT GENERAL;2017;06;S;SVT;S;R;0316920015
BACCALAUREAT GENERAL;2017;06;S;SVT;S;R;0316920036
BACCALAUREAT GENERAL;2017;06;S;SVT;S;R;0316920065
BACCALAUREAT GENERAL;2017;06;S;SVT;S;R;0316920067
BACCALAUREAT GENERAL;2017;06;S;SVT;S;R;0316920104
BACCALAUREAT GENERAL;2017;06;S;SVT;S;R;0316920105
BACCALAUREAT GENERAL;2017;06;S;SVT;S;R;0316920167
BACCALAUREAT GENERAL;2017;06;S;SVT;S;R;0316920176
BACCALAUREAT GENERAL;2017;06;S;SVT;S;R;0316920181
BACCALAUREAT GENERAL;2017;06;S;SVT;S;R;0316920200
BACCALAUREAT GENERAL;2017;06;S;SVT;S;R;0516043638
BACCALAUREAT GENERAL;2017;06;S;SVT;S;R;0516067177
BACCALAUREAT GENERAL;2017;06;S;SVT;S;R;0516187685
BACCALAUREAT GENERAL;2017;06;S;SVT;S;R;0516187691
BACCALAUREAT GENERAL;2017;06;S;SVT;S;R;0516187694
BACCALAUREAT GENERAL;2017;06;S;SVT;S;R;0516187697
BACCALAUREAT GENERAL;2017;06;S;SVT;S;R;0516187698
BACCALAUREAT GENERAL;2017;06;S;SVT;S;R;0516187705
BACCALAUREAT GENERAL;2017;06;S;SVT;S;R;0516187708
BACCALAUREAT GENERAL;2017;06;S;SVT;S;R;0516187711
BACCALAUREAT GENERAL;2017;06;S;SVT;S;R;0516187712
BACCALAUREAT GENERAL;2017;06;S;SVT;S;R;0516187714
BACCALAUREAT GENERAL;2017;06;S;SVT;S;R;0516187715
BACCALAUREAT GENERAL;2017;06;S;SVT;S;R;0516187718
BACCALAUREAT GENERAL;2017;06;S;SVT;S;R;0516187722
BACCALAUREAT GENERAL;2017;06;S;SVT;S;R;0516187723
BACCALAUREAT GENERAL;2017;06;S;SVT;S;R;0516187725
BACCALAUREAT GENERAL;2017;06;S;SVT;S;R;0516187732